group,acquisitions,cases,nrmse_p50,nrmse_p90,nrmse_p95,case_median_nrmse_p50,height_error_p50_pct,height_error_p90_pct,position_error_p50_eV,position_error_p90_eV
all,9040,1808,0.0326642245054245,0.07913394272327423,0.09287514537572861,0.030250271782279015,6.961462020874023,25.15374755859375,0.0999755859375,0.45001220703125
original_cohort,9040,1808,0.0326642245054245,0.07913394272327423,0.09287514537572861,0.030250271782279015,6.961462020874023,25.15374755859375,0.0999755859375,0.45001220703125
continuation_cohort,0,0,nan,nan,nan,nan,nan,nan,nan,nan
counts_200_1000,2278,1392,0.0669567808508873,0.10166337341070175,0.11424408107995987,0.06746294349431992,15.705655097961426,36.10475158691406,0.199981689453125,0.79998779296875
counts_1000_10000,3052,1586,0.032455507665872574,0.06419151276350021,0.07392343133687973,0.03280914947390556,7.281449317932129,21.680967330932617,0.0999755859375,0.300018310546875
counts_10000_plus,3710,1689,0.021700862795114517,0.044813577085733414,0.05561798810958862,0.02176067978143692,4.59000825881958,13.424847602844238,0.04998779296875,0.20001220703125
pi_absent_or_trace,7820,1564,0.030883152037858963,0.07597924023866653,0.08964446932077408,0.028979957103729248,6.638679504394531,24.392690658569336,0.050018310546875,0.4000244140625
pi_moderate,875,175,0.043497998267412186,0.08998550474643707,0.10064353793859482,0.03988873213529587,9.229949951171875,28.795190811157227,0.100006103515625,0.600006103515625
pi_strong,345,69,0.05190754681825638,0.10903333872556686,0.12799730896949768,0.04968464374542236,10.884556770324707,29.947656631469727,0.100006103515625,1.4300048351287842
charge_negative_tail,2110,422,0.03126535192131996,0.07713198661804199,0.0912165641784668,0.029540233314037323,7.1917572021484375,24.387365341186523,0.050018310546875,0.5
charge_central,4540,908,0.032363541424274445,0.07798855006694794,0.09059777855873108,0.03017965331673622,6.8491363525390625,24.865055084228516,0.0999755859375,0.4000244140625
charge_positive_tail,2390,478,0.03489202260971069,0.08370361477136612,0.09771864116191864,0.03235054016113281,6.977941989898682,26.307987213134766,0.0999755859375,0.5
weak_pi_absent_or_trace,1953,1196,0.06540235131978989,0.09835700690746307,0.11016133427619934,0.06588656455278397,15.130385398864746,35.676719665527344,0.199981689453125,0.740002453327179
weak_pi_moderate,228,142,0.07711412012577057,0.10955354571342468,0.11938007920980453,0.07669323682785034,19.01908302307129,36.66816329956055,0.20001220703125,1.1500244140625
weak_and_pi_strong,97,54,0.09626465290784836,0.1634456366300583,0.1737770289182663,0.09707534313201904,21.309316635131836,43.279136657714844,0.25,1.889978051185608
weak_pi_strong_negative,26,13,0.09745879471302032,0.15024805068969727,0.1878170520067215,0.09201424568891525,21.062280654907227,34.96720886230469,0.350006103515625,1.2249908447265625
weak_pi_strong_positive,31,18,0.10979893803596497,0.17056973278522491,0.18905781209468842,0.10921606421470642,27.386140823364258,47.80438995361328,0.29998779296875,2.70001220703125
weak_and_charge_positive,627,382,0.07004636526107788,0.10461312532424927,0.11679922044277191,0.0696663185954094,16.720256805419922,37.076698303222656,0.1500244140625,0.75
weak_and_five_peaks,466,271,0.07212083041667938,0.10845828801393509,0.12337764352560043,0.06970077753067017,16.271318435668945,35.825096130371094,0.20001220703125,0.92498779296875
narrow_peaks_lt_1p1,2560,512,0.04551287740468979,0.09625980257987976,0.10830391198396683,0.039660193026065826,11.79100227355957,35.77369689941406,0.050018310546875,0.5049988031387329
wide_peaks_ge_1p4,2645,529,0.027971908450126648,0.06037820503115654,0.06967887282371521,0.02614501491189003,4.983907699584961,15.167194366455078,0.100006103515625,0.350006103515625
weak_and_narrow_peaks,618,388,0.08836466073989868,0.11664870381355286,0.12910492718219757,0.08797119557857513,29.924116134643555,45.166526794433594,0.20001220703125,0.899993896484375
weak_pi_strong_narrow,18,11,0.1112784892320633,0.1948716938495636,0.19711045920848846,0.11142399162054062,43.34868621826172,52.655517578125,0.25,2.7150087356567383
active_peaks_2,230,46,0.023575693368911743,0.08787228912115097,0.10030380636453629,0.021551575511693954,5.16219425201416,33.587974548339844,0.050018310546875,0.25
active_peaks_3,1990,398,0.029669782146811485,0.08129015564918518,0.09472338110208511,0.02736167423427105,6.958209037780762,27.358570098876953,0.050018310546875,0.350006103515625
active_peaks_4,5030,1006,0.032154448330402374,0.07530002295970917,0.09058701992034912,0.030413787811994553,6.830877304077148,24.039344787597656,0.050018310546875,0.45001220703125
active_peaks_5,1790,358,0.037601716816425323,0.08288754522800446,0.09599867463111877,0.03562526777386665,7.573887825012207,24.846940994262695,0.100006103515625,0.649993896484375
